Workbook

Sheet Instructions
A1: Copilot Promptathon – Peer Judging Sheet
A3: How to use this file:
A4: 1. Go to the 'Score Entry' sheet.
A5: 2. For each team presenting, enter your own team name under 'Judging Team' and the team you are scoring under 'Team Scored'.
A6: 3. Score each criterion from 1 to 5.
A7: 4. The 'Total Score' column will be calculated automatically.
A9: Scoring Criteria (1–5 each):
A10: 1. Completeness of GCSE – How well did they apply Goal, Context, Source, Expectations?
A11: 2. Accuracy to Scenario – Does the prompt and output directly address the fictional business challenge?
A12: 3. Clarity of Prompt – Is the prompt clear, structured and easy to understand (for humans and Copilot)?
A13: 4. Output Quality – Is the Copilot output actionable, relevant and valuable for decision-making?
A15: Important Notes:
A16: - Teams should NOT score themselves.

Sheet Score Entry
A1: Judging Team | B1: Team Scored | C1: Completeness of GCSE (1–5) | D1: Accuracy to Scenario (1–5) | E1: Clarity of Prompt (1–5) | F1: Output Quality (1–5) | G1: Total Score (Auto)
A2: Team 2 | B2: Team 1 | G2: =SUM(C2:F2) -> 0
A3: Team 2 | B3: Team 3 | G3: =SUM(C3:F3) -> 0
A4: Team 2 | B4: Team 4 | G4: =SUM(C4:F4) -> 0
A5: Team 2 | B5: Team 5 | G5: =SUM(C5:F5) -> 0
A6: Team 2 | B6: Team 6 | G6: =SUM(C6:F6) -> 0
A7: Team 2 | B7: Team 7 | G7: =SUM(C7:F7) -> 0
A8: Team 2 | B8: Team 8 | G8: =SUM(C8:F8) -> 0
A9: Team 2 | B9: Team 9 | G9: =SUM(C9:F9) -> 0
A10: Team 2 | B10: Team 10 | G10: =SUM(C10:F10) -> 0

Sheet Summary
A1: Team Scored | B1: Average Completeness of GCSE | C1: Average Accuracy to Scenario | D1: Average Clarity of Prompt | E1: Average Output Quality | F1: Average Total Score
A2: Team 1 | B2: =IFERROR(AVERAGEIF('Score Entry'!B:B,A2,'Score Entry'!C:C),"") | C2: =IFERROR(AVERAGEIF('Score Entry'!B:B,A2,'Score Entry'!D:D),"") | D2: =IFERROR(AVERAGEIF('Score Entry'!B:B,A2,'Score Entry'!E:E),"") | E2: =IFERROR(AVERAGEIF('Score Entry'!B:B,A2,'Score Entry'!F:F),"") | F2: =IFERROR(AVERAGEIF('Score Entry'!B:B,A2,'Score Entry'!G:G),"") -> 0
A3: Team 2 | B3: =IFERROR(AVERAGEIF('Score Entry'!B:B,A3,'Score Entry'!C:C),"") | C3: =IFERROR(AVERAGEIF('Score Entry'!B:B,A3,'Score Entry'!D:D),"") | D3: =IFERROR(AVERAGEIF('Score Entry'!B:B,A3,'Score Entry'!E:E),"") | E3: =IFERROR(AVERAGEIF('Score Entry'!B:B,A3,'Score Entry'!F:F),"") | F3: =IFERROR(AVERAGEIF('Score Entry'!B:B,A3,'Score Entry'!G:G),"")
A4: Team 3 | B4: =IFERROR(AVERAGEIF('Score Entry'!B:B,A4,'Score Entry'!C:C),"") | C4: =IFERROR(AVERAGEIF('Score Entry'!B:B,A4,'Score Entry'!D:D),"") | D4: =IFERROR(AVERAGEIF('Score Entry'!B:B,A4,'Score Entry'!E:E),"") | E4: =IFERROR(AVERAGEIF('Score Entry'!B:B,A4,'Score Entry'!F:F),"") | F4: =IFERROR(AVERAGEIF('Score Entry'!B:B,A4,'Score Entry'!G:G),"") -> 0
A5: Team 4 | B5: =IFERROR(AVERAGEIF('Score Entry'!B:B,A5,'Score Entry'!C:C),"") | C5: =IFERROR(AVERAGEIF('Score Entry'!B:B,A5,'Score Entry'!D:D),"") | D5: =IFERROR(AVERAGEIF('Score Entry'!B:B,A5,'Score Entry'!E:E),"") | E5: =IFERROR(AVERAGEIF('Score Entry'!B:B,A5,'Score Entry'!F:F),"") | F5: =IFERROR(AVERAGEIF('Score Entry'!B:B,A5,'Score Entry'!G:G),"") -> 0
A6: Team 5 | B6: =IFERROR(AVERAGEIF('Score Entry'!B:B,A6,'Score Entry'!C:C),"") | C6: =IFERROR(AVERAGEIF('Score Entry'!B:B,A6,'Score Entry'!D:D),"") | D6: =IFERROR(AVERAGEIF('Score Entry'!B:B,A6,'Score Entry'!E:E),"") | E6: =IFERROR(AVERAGEIF('Score Entry'!B:B,A6,'Score Entry'!F:F),"") | F6: =IFERROR(AVERAGEIF('Score Entry'!B:B,A6,'Score Entry'!G:G),"") -> 0
A7: Team 6 | B7: =IFERROR(AVERAGEIF('Score Entry'!B:B,A7,'Score Entry'!C:C),"") | C7: =IFERROR(AVERAGEIF('Score Entry'!B:B,A7,'Score Entry'!D:D),"") | D7: =IFERROR(AVERAGEIF('Score Entry'!B:B,A7,'Score Entry'!E:E),"") | E7: =IFERROR(AVERAGEIF('Score Entry'!B:B,A7,'Score Entry'!F:F),"") | F7: =IFERROR(AVERAGEIF('Score Entry'!B:B,A7,'Score Entry'!G:G),"") -> 0
A8: Team 7 | B8: =IFERROR(AVERAGEIF('Score Entry'!B:B,A8,'Score Entry'!C:C),"") | C8: =IFERROR(AVERAGEIF('Score Entry'!B:B,A8,'Score Entry'!D:D),"") | D8: =IFERROR(AVERAGEIF('Score Entry'!B:B,A8,'Score Entry'!E:E),"") | E8: =IFERROR(AVERAGEIF('Score Entry'!B:B,A8,'Score Entry'!F:F),"") | F8: =IFERROR(AVERAGEIF('Score Entry'!B:B,A8,'Score Entry'!G:G),"") -> 0
A9: Team 8 | B9: =IFERROR(AVERAGEIF('Score Entry'!B:B,A9,'Score Entry'!C:C),"") | C9: =IFERROR(AVERAGEIF('Score Entry'!B:B,A9,'Score Entry'!D:D),"") | D9: =IFERROR(AVERAGEIF('Score Entry'!B:B,A9,'Score Entry'!E:E),"") | E9: =IFERROR(AVERAGEIF('Score Entry'!B:B,A9,'Score Entry'!F:F),"") | F9: =IFERROR(AVERAGEIF('Score Entry'!B:B,A9,'Score Entry'!G:G),"") -> 0
A10: Team 9 | B10: =IFERROR(AVERAGEIF('Score Entry'!B:B,A10,'Score Entry'!C:C),"") | C10: =IFERROR(AVERAGEIF('Score Entry'!B:B,A10,'Score Entry'!D:D),"") | D10: =IFERROR(AVERAGEIF('Score Entry'!B:B,A10,'Score Entry'!E:E),"") | E10: =IFERROR(AVERAGEIF('Score Entry'!B:B,A10,'Score Entry'!F:F),"") | F10: =IFERROR(AVERAGEIF('Score Entry'!B:B,A10,'Score Entry'!G:G),"") -> 0
A11: Team 10 | B11: =IFERROR(AVERAGEIF('Score Entry'!B:B,A11,'Score Entry'!C:C),"") | C11: =IFERROR(AVERAGEIF('Score Entry'!B:B,A11,'Score Entry'!D:D),"") | D11: =IFERROR(AVERAGEIF('Score Entry'!B:B,A11,'Score Entry'!E:E),"") | E11: =IFERROR(AVERAGEIF('Score Entry'!B:B,A11,'Score Entry'!F:F),"") | F11: =IFERROR(AVERAGEIF('Score Entry'!B:B,A11,'Score Entry'!G:G),"") -> 0
